{
  "project_info": {
    "project_number": "803759737386",
    "project_id": "pixldatabase-110e5",
    "storage_bucket": "pixldatabase-110e5.firebasestorage.app"
  },
  "client": [
    {
      "client_info": {
        "mobilesdk_app_id": "1:803759737386:android:f8aef59fee28afda949153",
        "android_client_info": {
          "package_name": "com.example.mobdeve_mco2_s18_cruz_francisco_villas"
        }
      },
      "oauth_client": [],
      "api_key": [
        {
          "current_key": "AIzaSyB-QpagQU3574U5F6Awu1dW4R1Kabyhbd8"
        }
      ],
      "services": {
        "appinvite_service": {
          "other_platform_oauth_client": []
        }
      }
    }
  ],
  "configuration_version": "1"
}